ps_partkey,part_value,total_value
72240,1.1313951049999999E7,7.874103109405002E10
178708,1.1294635169999998E7,7.874103109405002E10
81298,1.127368613E7,7.874103109405002E10
158324,1.124344272E7,7.874103109405002E10
117095,1.124253524E7,7.874103109405002E10
