ps_partkey,part_value,total_value
15209,9403245.31,7.874103109405002E10
138049,9401262.1,7.874103109405002E10
199286,9391770.7,7.874103109405002E10
19629,9391236.4,7.874103109405002E10
134019,9390615.15,7.874103109405002E10
