ps_partkey,part_value,total_value
64274,9118745.25,7.874103109405002E10
175826,9117387.99,7.874103109405002E10
142215,9116876.88,7.874103109405002E10
103415,9113128.620000001,7.874103109405002E10
119765,9110768.79,7.874103109405002E10
