ps_partkey,part_value,total_value
109650,7952258.73,7.874103109405002E10
93862,7951992.24,7.874103109405002E10
158325,7950728.3,7.874103109405002E10
55952,7950387.0600000005,7.874103109405002E10
122397,7947106.2700000005,7.874103109405002E10
