ps_partkey,part_value,total_value
154307,9012571.2,7.874103109405002E10
23769,9008157.6,7.874103109405002E10
93328,9007211.2,7.874103109405002E10
142826,8998297.440000001,7.874103109405002E10
188792,8996014.0,7.874103109405002E10
