ps_partkey,part_value,total_value
177291,8341736.83,7.874103109405002E10
198956,8340370.649999999,7.874103109405002E10
69179,8338465.99,7.874103109405002E10
118764,8337616.56,7.874103109405002E10
128814,8336435.56,7.874103109405002E10
