ps_partkey,part_value,total_value
195590,9176353.12,7.874103109405002E10
169155,9175176.09,7.874103109405002E10
81558,9171946.5,7.874103109405002E10
185136,9171293.04,7.874103109405002E10
114790,9168509.1,7.874103109405002E10
