ps_partkey,part_value,total_value
86647,9434604.18,7.874103109405002E10
131234,9432120.0,7.874103109405002E10
198129,9427651.36,7.874103109405002E10
165530,9426193.68,7.874103109405002E10
69233,9425053.92,7.874103109405002E10
6243,9423304.66,7.874103109405002E10
