ps_partkey,part_value,total_value
121541,8275390.260000001,7.874103109405002E10
177664,8275315.200000001,7.874103109405002E10
51117,8274504.300000001,7.874103109405002E10
66770,8273407.8,7.874103109405002E10
37238,8272728.06,7.874103109405002E10
