ps_partkey,part_value,total_value
87745,1.01855094E7,7.874103109405002E10
135153,1.01793797E7,7.874103109405002E10
11773,1.016741084E7,7.874103109405002E10
76316,1.01651517E7,7.874103109405002E10
123076,1.016122578E7,7.874103109405002E10
