ps_partkey,part_value,total_value
7363,8167538.05,7.874103109405002E10
164499,8167512.08,7.874103109405002E10
197557,8165940.45,7.874103109405002E10
5495,8164805.22,7.874103109405002E10
966,8163824.79,7.874103109405002E10
