ps_partkey,part_value,total_value
78451,1.052487324E7,7.874103109405002E10
150827,1.050381048E7,7.874103109405002E10
107237,1.048803084E7,7.874103109405002E10
101727,1.0473558100000001E7,7.874103109405002E10
58708,1.046628044E7,7.874103109405002E10
