ps_partkey,part_value,total_value
198633,1.207822695E7,7.874103109405002E10
167417,1.2046637620000001E7,7.874103109405002E10
59512,1.204346876E7,7.874103109405002E10
31688,1.203489364E7,7.874103109405002E10
159586,1.2001505840000002E7,7.874103109405002E10
