ps_partkey,part_value,total_value
172088,8098138.2,7.874103109405002E10
59398,8095845.45,7.874103109405002E10
89395,8093576.100000001,7.874103109405002E10
171961,8093538.0,7.874103109405002E10
88736,8090762.16,7.874103109405002E10
