ps_partkey,part_value,total_value
104184,1.1436657440000001E7,7.874103109405002E10
67027,1.141912714E7,7.874103109405002E10
176869,1.1371451709999999E7,7.874103109405002E10
30885,1.136967479E7,7.874103109405002E10
54420,1.1345076879999999E7,7.874103109405002E10
