ps_partkey,part_value,total_value
21971,9908982.030000001,7.874103109405002E10
58148,9895894.4,7.874103109405002E10
16532,9886529.9,7.874103109405002E10
159180,9883744.43,7.874103109405002E10
74733,9877582.879999999,7.874103109405002E10
