ps_partkey,part_value,total_value
163615,8484985.01,7.874103109405002E10
196520,8483545.040000001,7.874103109405002E10
133438,8483482.35,7.874103109405002E10
77285,8481442.32,7.874103109405002E10
55824,8476893.9,7.874103109405002E10
