ps_partkey,part_value,total_value
172611,8648217.0,7.874103109405002E10
85373,8647796.22,7.874103109405002E10
122717,8646758.540000001,7.874103109405002E10
113431,8646348.34,7.874103109405002E10
66015,8643349.4,7.874103109405002E10
