ps_partkey,part_value,total_value
56417,8613450.35,7.874103109405002E10
121322,8612948.23,7.874103109405002E10
126883,8611373.42,7.874103109405002E10
29155,8610163.639999999,7.874103109405002E10
114530,8608471.74,7.874103109405002E10
