ps_partkey,part_value,total_value
165293,9050545.700000001,7.874103109405002E10
122148,9046298.17,7.874103109405002E10
138604,9045840.799999999,7.874103109405002E10
78851,9044822.600000001,7.874103109405002E10
137280,9042355.34,7.874103109405002E10
