ps_partkey,part_value,total_value
9403,1.5451755620000001E7,7.874103109405002E10
154358,1.5212937879999999E7,7.874103109405002E10
38823,1.506480286E7,7.874103109405002E10
85606,1.505395715E7,7.874103109405002E10
33354,1.44082974E7,7.874103109405002E10
