ps_partkey,part_value,total_value
50616,8134089.82,7.874103109405002E10
123908,8128920.54,7.874103109405002E10
140994,8128470.819999999,7.874103109405002E10
99039,8128290.78,7.874103109405002E10
62735,8124940.5,7.874103109405002E10
