ps_partkey,part_value,total_value
4403,7925729.040000001,7.874103109405002E10
2267,7925649.37,7.874103109405002E10
45924,7925047.68,7.874103109405002E10
11493,7916722.23,7.874103109405002E10
104478,7916253.600000001,7.874103109405002E10
