ps_partkey,part_value,total_value
121562,8887740.4,7.874103109405002E10
44731,8882444.95,7.874103109405002E10
93141,8881850.879999999,7.874103109405002E10
187871,8873506.18,7.874103109405002E10
71709,8873057.28,7.874103109405002E10
