ps_partkey,part_value,total_value
149553,8285714.88,7.874103109405002E10
151284,8283526.649999999,7.874103109405002E10
171091,8282934.36,7.874103109405002E10
194256,8278985.34,7.874103109405002E10
952,8276136.0,7.874103109405002E10
