ps_partkey,part_value,total_value
143802,8676626.48,7.874103109405002E10
30389,8675826.6,7.874103109405002E10
75250,8675257.14,7.874103109405002E10
72613,8673524.94,7.874103109405002E10
123520,8672456.25,7.874103109405002E10
325,8667741.280000001,7.874103109405002E10
