ps_partkey,part_value,total_value
182636,1.3223726739999998E7,7.874103109405002E10
199969,1.313528821E7,7.874103109405002E10
62865,1.3001926940000001E7,7.874103109405002E10
7284,1.2945298190000001E7,7.874103109405002E10
197867,1.294451052E7,7.874103109405002E10
