ps_partkey,part_value,total_value
30126,8291920.32,7.874103109405002E10
158427,8288938.0,7.874103109405002E10
14545,8288395.92,7.874103109405002E10
75548,8288287.199999999,7.874103109405002E10
64473,8286137.4399999995,7.874103109405002E10
