ps_partkey,part_value,total_value
133936,9026949.020000001,7.874103109405002E10
33182,9024971.1,7.874103109405002E10
34220,9021485.39,7.874103109405002E10
20118,9019942.6,7.874103109405002E10
178258,9019881.66,7.874103109405002E10
