ps_partkey,part_value,total_value
123798,8192385.97,7.874103109405002E10
90218,8191689.16,7.874103109405002E10
114766,8189339.54,7.874103109405002E10
11289,8187354.72,7.874103109405002E10
178308,8185750.5,7.874103109405002E10
