ps_partkey,part_value,total_value
24576,8895034.75,7.874103109405002E10
19425,8890156.6,7.874103109405002E10
169735,8890085.56,7.874103109405002E10
32225,8889829.280000001,7.874103109405002E10
124537,8889770.71,7.874103109405002E10
146327,8887836.23,7.874103109405002E10
