ps_partkey,part_value,total_value
17937,8963319.76,7.874103109405002E10
177372,8954873.64,7.874103109405002E10
137994,8950916.79,7.874103109405002E10
84019,8950039.98,7.874103109405002E10
40389,8946158.2,7.874103109405002E10
