ps_partkey,part_value,total_value
15366,8388907.8,7.874103109405002E10
109479,8388027.2,7.874103109405002E10
66202,8386522.83,7.874103109405002E10
81707,8385761.1899999995,7.874103109405002E10
51727,8385426.4,7.874103109405002E10
