ps_partkey,part_value,total_value
62117,8369493.4399999995,7.874103109405002E10
111221,8367525.81,7.874103109405002E10
159337,8366092.260000001,7.874103109405002E10
173903,8365428.4799999995,7.874103109405002E10
136438,8364065.45,7.874103109405002E10
56684,8363198.0,7.874103109405002E10
