ps_partkey,part_value,total_value
20605,7977556.0,7.874103109405002E10
28682,7976959.999999999,7.874103109405002E10
42172,7973399.0,7.874103109405002E10
56137,7971405.4,7.874103109405002E10
64729,7970769.720000001,7.874103109405002E10
