ps_partkey,part_value,total_value
41007,8229431.79,7.874103109405002E10
40476,8226640.41,7.874103109405002E10
145620,8221371.6,7.874103109405002E10
7771,8220413.33,7.874103109405002E10
86424,8215572.61,7.874103109405002E10
