ps_partkey,part_value,total_value
59312,8510568.36,7.874103109405002E10
2903,8509960.35,7.874103109405002E10
102838,8509527.69,7.874103109405002E10
162806,8508906.05,7.874103109405002E10
41527,8508222.36,7.874103109405002E10
118416,8505858.36,7.874103109405002E10
