ps_partkey,part_value,total_value
91471,8468874.56,7.874103109405002E10
142299,8466039.549999999,7.874103109405002E10
97672,8464119.8,7.874103109405002E10
134712,8461781.790000001,7.874103109405002E10
157988,8460123.200000001,7.874103109405002E10
