ps_partkey,part_value,total_value
35205,8245675.17,7.874103109405002E10
19729,8245081.600000001,7.874103109405002E10
144946,8240479.8,7.874103109405002E10
123786,8239581.239999999,7.874103109405002E10
70843,8237973.2,7.874103109405002E10
