ps_partkey,part_value,total_value
112437,8236907.5200000005,7.874103109405002E10
5436,8236039.57,7.874103109405002E10
163754,8235471.16,7.874103109405002E10
115945,8234811.36,7.874103109405002E10
27918,8233957.88,7.874103109405002E10
105712,8233571.859999999,7.874103109405002E10
