ps_partkey,part_value,total_value
22634,8316531.24,7.874103109405002E10
173309,8315750.25,7.874103109405002E10
10887,8315019.36,7.874103109405002E10
42392,8312895.96,7.874103109405002E10
126040,8312623.2,7.874103109405002E10
