ps_partkey,part_value,total_value
164775,9821424.44,7.874103109405002E10
9039,9816447.72,7.874103109405002E10
14912,9803102.2,7.874103109405002E10
190906,9791315.7,7.874103109405002E10
130398,9781674.27,7.874103109405002E10
119310,9776927.209999999,7.874103109405002E10
