ps_partkey,part_value,total_value
195469,8206609.800000001,7.874103109405002E10
191805,8205147.75,7.874103109405002E10
90906,8200951.199999999,7.874103109405002E10
170910,8195558.01,7.874103109405002E10
105399,8193122.63,7.874103109405002E10
