ps_partkey,part_value,total_value
63584,8796590.0,7.874103109405002E10
158768,8796422.95,7.874103109405002E10
166588,8796214.379999999,7.874103109405002E10
120600,8793558.06,7.874103109405002E10
157202,8788287.879999999,7.874103109405002E10
55358,8786820.75,7.874103109405002E10
