ps_partkey,part_value,total_value
50532,8632648.24,7.874103109405002E10
58102,8632614.54,7.874103109405002E10
93581,8632372.36,7.874103109405002E10
52804,8632109.25,7.874103109405002E10
755,8627091.68,7.874103109405002E10
