ps_partkey,part_value,total_value
33141,8643243.18,7.874103109405002E10
69786,8637396.92,7.874103109405002E10
181857,8637393.28,7.874103109405002E10
122939,8636378.0,7.874103109405002E10
196223,8635391.02,7.874103109405002E10
