ps_partkey,part_value,total_value
122219,9604888.200000001,7.874103109405002E10
183427,9601362.58,7.874103109405002E10
59158,9599705.96,7.874103109405002E10
61931,9584918.98,7.874103109405002E10
5532,9579964.14,7.874103109405002E10
