ps_partkey,part_value,total_value
63135,8415945.530000001,7.874103109405002E10
137651,8413170.35,7.874103109405002E10
191353,8413039.84,7.874103109405002E10
62988,8411571.48,7.874103109405002E10
103417,8411541.12,7.874103109405002E10
