ps_partkey,part_value,total_value
128571,8106788.8,7.874103109405002E10
100308,8105837.04,7.874103109405002E10
8872,8102395.619999999,7.874103109405002E10
58867,8102033.19,7.874103109405002E10
145153,8100222.84,7.874103109405002E10
