ps_partkey,part_value,total_value
96673,8033491.2,7.874103109405002E10
32180,8032380.720000001,7.874103109405002E10
166493,8031902.399999999,7.874103109405002E10
66959,8031839.4,7.874103109405002E10
85628,8029693.4399999995,7.874103109405002E10
