ps_partkey,part_value,total_value
101590,8304555.420000001,7.874103109405002E10
46891,8302192.12,7.874103109405002E10
138721,8301745.62,7.874103109405002E10
113715,8301533.199999999,7.874103109405002E10
78778,8299685.64,7.874103109405002E10
