ps_partkey,part_value,total_value
169475,9387639.58,7.874103109405002E10
165918,9379510.44,7.874103109405002E10
135602,9374251.540000001,7.874103109405002E10
162323,9367566.51,7.874103109405002E10
96277,9360850.68,7.874103109405002E10
98336,9359671.290000001,7.874103109405002E10
