ps_partkey,part_value,total_value
8823,9040855.1,7.874103109405002E10
163900,9040848.48,7.874103109405002E10
75600,9035392.45,7.874103109405002E10
81676,9031999.4,7.874103109405002E10
46033,9031460.58,7.874103109405002E10
194917,9028500.0,7.874103109405002E10
