ps_partkey,part_value,total_value
47049,8180955.0,7.874103109405002E10
158827,8180470.899999999,7.874103109405002E10
92620,8179671.550000001,7.874103109405002E10
20814,8176953.54,7.874103109405002E10
179323,8176795.55,7.874103109405002E10
