ps_partkey,part_value,total_value
105966,8582308.790000001,7.874103109405002E10
137876,8580641.3,7.874103109405002E10
122272,8580400.77,7.874103109405002E10
195717,8577278.1,7.874103109405002E10
165295,8571121.92,7.874103109405002E10
5840,8570728.74,7.874103109405002E10
