ps_partkey,part_value,total_value
153141,8719407.51,7.874103109405002E10
169373,8718609.06,7.874103109405002E10
41335,8714773.8,7.874103109405002E10
197450,8714617.32,7.874103109405002E10
87004,8714017.79,7.874103109405002E10
