ps_partkey,part_value,total_value
149035,1.082613002E7,7.874103109405002E10
162620,1.081427568E7,7.874103109405002E10
118324,1.07917881E7,7.874103109405002E10
38932,1.077754175E7,7.874103109405002E10
121294,1.0764225219999999E7,7.874103109405002E10
48721,1.076258249E7,7.874103109405002E10
