ps_partkey,part_value,total_value
54411,8805703.4,7.874103109405002E10
39438,8805282.56,7.874103109405002E10
70795,8800060.92,7.874103109405002E10
20383,8799073.28,7.874103109405002E10
21952,8798624.19,7.874103109405002E10
