ps_partkey,part_value,total_value
28705,8771576.64,7.874103109405002E10
100226,8769455.0,7.874103109405002E10
179195,8769185.16,7.874103109405002E10
184355,8768118.05,7.874103109405002E10
120408,8768011.120000001,7.874103109405002E10
