ps_partkey,part_value,total_value
175165,8005319.76,7.874103109405002E10
62500,8005316.279999999,7.874103109405002E10
36342,8004333.4,7.874103109405002E10
128435,8004242.88,7.874103109405002E10
92516,8003836.800000001,7.874103109405002E10
