ps_partkey,part_value,total_value
137597,8363185.94,7.874103109405002E10
20039,8361138.24,7.874103109405002E10
121326,8359635.52,7.874103109405002E10
48435,8352863.1,7.874103109405002E10
1712,8349107.0,7.874103109405002E10
