ps_partkey,part_value,total_value
96313,8520949.92,7.874103109405002E10
108454,8520916.25,7.874103109405002E10
181254,8519496.1,7.874103109405002E10
71117,8519223.0,7.874103109405002E10
131703,8517215.280000001,7.874103109405002E10
