ps_partkey,part_value,total_value
120325,8549976.6,7.874103109405002E10
424,8547527.1,7.874103109405002E10
196543,8545907.09,7.874103109405002E10
13042,8542717.18,7.874103109405002E10
58332,8536074.69,7.874103109405002E10
9191,8535663.92,7.874103109405002E10
