ps_partkey,part_value,total_value
9980,8382754.62,7.874103109405002E10
174403,8378575.73,7.874103109405002E10
54558,8378041.92,7.874103109405002E10
3141,8377378.22,7.874103109405002E10
134829,8377105.52,7.874103109405002E10
