ps_partkey,part_value,total_value
120860,8570610.440000001,7.874103109405002E10
66692,8567540.52,7.874103109405002E10
135596,8563276.309999999,7.874103109405002E10
150576,8562794.1,7.874103109405002E10
7500,8562393.84,7.874103109405002E10
