ps_partkey,part_value,total_value
176793,1.1237733379999999E7,7.874103109405002E10
86091,1.117779379E7,7.874103109405002E10
116033,1.114543436E7,7.874103109405002E10
129058,1.11191122E7,7.874103109405002E10
193714,1.110470639E7,7.874103109405002E10
117195,1.107721796E7,7.874103109405002E10
