ps_partkey,part_value,total_value
68703,8994982.22,7.874103109405002E10
145280,8990941.05,7.874103109405002E10
150725,8985686.16,7.874103109405002E10
172046,8982469.52,7.874103109405002E10
70476,8967629.5,7.874103109405002E10
124988,8966805.22,7.874103109405002E10
