ps_partkey,part_value,total_value
128420,9328206.35,7.874103109405002E10
162145,9327722.88,7.874103109405002E10
55686,9320304.4,7.874103109405002E10
163080,9304916.96,7.874103109405002E10
160583,9303515.92,7.874103109405002E10
