ps_partkey,part_value,total_value
180203,8505024.16,7.874103109405002E10
14773,8500598.28,7.874103109405002E10
140446,8499514.24,7.874103109405002E10
199641,8497362.59,7.874103109405002E10
109240,8494617.12,7.874103109405002E10
