ps_partkey,part_value,total_value
36489,8838538.1,7.874103109405002E10
198437,8836494.84,7.874103109405002E10
151693,8833807.64,7.874103109405002E10
185367,8829791.370000001,7.874103109405002E10
65682,8820622.889999999,7.874103109405002E10
