ps_partkey,part_value,total_value
194142,9165836.61,7.874103109405002E10
167639,9161165.0,7.874103109405002E10
11241,9160789.46,7.874103109405002E10
82628,9160155.54,7.874103109405002E10
41399,9148338.0,7.874103109405002E10
30755,9146196.84,7.874103109405002E10
