ps_partkey,part_value,total_value
31277,8083580.760000001,7.874103109405002E10
93595,8082188.8,7.874103109405002E10
189040,8080257.210000001,7.874103109405002E10
59851,8079024.239999999,7.874103109405002E10
175100,8077904.01,7.874103109405002E10
