ps_partkey,part_value,total_value
167190,8347238.699999999,7.874103109405002E10
32113,8346452.04,7.874103109405002E10
40580,8342983.32,7.874103109405002E10
74785,8342519.13,7.874103109405002E10
14799,8342236.75,7.874103109405002E10
