ps_partkey,part_value,total_value
145056,8376920.760000001,7.874103109405002E10
194020,8375157.640000001,7.874103109405002E10
7117,8373982.27,7.874103109405002E10
120146,8373796.2,7.874103109405002E10
126843,8370761.28,7.874103109405002E10
