ps_partkey,part_value,total_value
2682,1.03129661E7,7.874103109405002E10
43814,1.030308661E7,7.874103109405002E10
34767,1.029040518E7,7.874103109405002E10
165584,1.027370589E7,7.874103109405002E10
2231,1.027041555E7,7.874103109405002E10
