ps_partkey,part_value,total_value
131007,8607394.82,7.874103109405002E10
128715,8606833.620000001,7.874103109405002E10
72522,8601479.98,7.874103109405002E10
144061,8595718.74,7.874103109405002E10
83503,8595034.2,7.874103109405002E10
