ps_partkey,part_value,total_value
146699,7929167.4,7.874103109405002E10
92387,7928972.67,7.874103109405002E10
186289,7928786.1899999995,7.874103109405002E10
95952,7927972.78,7.874103109405002E10
196514,7927180.7,7.874103109405002E10
