ps_partkey,part_value,total_value
43851,8157101.4,7.874103109405002E10
51295,8156419.2,7.874103109405002E10
69512,8151537.0,7.874103109405002E10
164274,8149869.93,7.874103109405002E10
130854,8145338.85,7.874103109405002E10
