ps_partkey,part_value,total_value
45126,8045924.399999999,7.874103109405002E10
87508,8042966.39,7.874103109405002E10
124711,8042722.72,7.874103109405002E10
173169,8042224.41,7.874103109405002E10
175161,8041331.9799999995,7.874103109405002E10
