ps_partkey,part_value,total_value
71271,8185519.239999999,7.874103109405002E10
1115,8184903.380000001,7.874103109405002E10
152636,8184530.720000001,7.874103109405002E10
151619,8182909.05,7.874103109405002E10
116943,8181072.69,7.874103109405002E10
28891,8181051.54,7.874103109405002E10
