ps_partkey,part_value,total_value
57256,9708621.0,7.874103109405002E10
112292,9701653.08,7.874103109405002E10
87514,9699492.53,7.874103109405002E10
174206,9680562.02,7.874103109405002E10
72865,9679043.34,7.874103109405002E10
