ps_partkey,part_value,total_value
193762,9538238.94,7.874103109405002E10
108807,9536247.16,7.874103109405002E10
168324,9535647.99,7.874103109405002E10
115588,9532195.04,7.874103109405002E10
141372,9529702.14,7.874103109405002E10
