ps_partkey,part_value,total_value
36289,7901946.5,7.874103109405002E10
61739,7900794.0,7.874103109405002E10
52338,7898638.08,7.874103109405002E10
194299,7898421.24,7.874103109405002E10
105235,7897829.9399999995,7.874103109405002E10
