ps_partkey,part_value,total_value
26430,9203710.51,7.874103109405002E10
28504,9201669.2,7.874103109405002E10
25810,9198878.5,7.874103109405002E10
125329,9198688.5,7.874103109405002E10
167867,9194022.719999999,7.874103109405002E10
