ps_partkey,part_value,total_value
134486,9731922.0,7.874103109405002E10
15945,9731096.45,7.874103109405002E10
55307,9717745.8,7.874103109405002E10
56362,9714922.83,7.874103109405002E10
57726,9711792.100000001,7.874103109405002E10
