ps_partkey,part_value,total_value
13252,8694822.42,7.874103109405002E10
12633,8694559.36,7.874103109405002E10
193438,8690426.72,7.874103109405002E10
17326,8689329.16,7.874103109405002E10
96124,8679794.58,7.874103109405002E10
