ps_partkey,part_value,total_value
16597,8623357.05,7.874103109405002E10
119041,8622397.0,7.874103109405002E10
89050,8621185.98,7.874103109405002E10
98696,8620784.82,7.874103109405002E10
94399,8620524.0,7.874103109405002E10
151295,8616671.02,7.874103109405002E10
