ps_partkey,part_value,total_value
119781,9356395.73,7.874103109405002E10
34440,9355365.0,7.874103109405002E10
57362,9355180.1,7.874103109405002E10
167236,9352973.84,7.874103109405002E10
38463,9347530.940000001,7.874103109405002E10
