ps_partkey,part_value,total_value
167787,8040075.779999999,7.874103109405002E10
3242,8038855.53,7.874103109405002E10
114789,8038628.35,7.874103109405002E10
43833,8038545.83,7.874103109405002E10
141198,8035110.72,7.874103109405002E10
137248,8034109.35,7.874103109405002E10
