ps_partkey,part_value,total_value
46679,8270486.55,7.874103109405002E10
165852,8268312.600000001,7.874103109405002E10
99458,8266564.47,7.874103109405002E10
114519,8265493.54,7.874103109405002E10
7231,8264881.5,7.874103109405002E10
19033,8264826.56,7.874103109405002E10
