ps_partkey,part_value,total_value
39185,1.0970042559999999E7,7.874103109405002E10
47223,1.0950022129999999E7,7.874103109405002E10
175594,1.094292305E7,7.874103109405002E10
111295,1.089367561E7,7.874103109405002E10
155446,1.085276457E7,7.874103109405002E10
