ps_partkey,part_value,total_value
107716,8561541.56,7.874103109405002E10
100611,8559995.85,7.874103109405002E10
171192,8557390.08,7.874103109405002E10
107660,8556696.6,7.874103109405002E10
13461,8556545.120000001,7.874103109405002E10
