ps_partkey,part_value,total_value
155809,9235410.84,7.874103109405002E10
147003,9234847.99,7.874103109405002E10
27769,9232511.64,7.874103109405002E10
112779,9231927.360000001,7.874103109405002E10
124851,9228982.68,7.874103109405002E10
