ps_partkey,part_value,total_value
49851,1.1043701780000001E7,7.874103109405002E10
19791,1.103066262E7,7.874103109405002E10
75800,1.1012401620000001E7,7.874103109405002E10
161562,1.0996371690000001E7,7.874103109405002E10
10119,1.098001575E7,7.874103109405002E10
