ps_partkey,part_value,total_value
169178,1.06485228E7,7.874103109405002E10
5271,1.063939265E7,7.874103109405002E10
34499,1.0584177100000001E7,7.874103109405002E10
71108,1.056911756E7,7.874103109405002E10
137132,1.0539880469999999E7,7.874103109405002E10
