ps_partkey,part_value,total_value
30235,8741611.0,7.874103109405002E10
26391,8741399.64,7.874103109405002E10
191816,8740258.719999999,7.874103109405002E10
47616,8737229.68,7.874103109405002E10
152101,8734432.76,7.874103109405002E10
