ps_partkey,part_value,total_value
90310,8555131.51,7.874103109405002E10
141493,8553782.93,7.874103109405002E10
71286,8552682.0,7.874103109405002E10
136423,8551300.76,7.874103109405002E10
54241,8550785.25,7.874103109405002E10
