ps_partkey,part_value,total_value
150268,8494188.379999999,7.874103109405002E10
45310,8492380.65,7.874103109405002E10
36552,8490733.6,7.874103109405002E10
199690,8490145.8,7.874103109405002E10
185353,8488726.68,7.874103109405002E10
