ps_partkey,part_value,total_value
56191,8856546.959999999,7.874103109405002E10
160740,8852685.43,7.874103109405002E10
71229,8846106.99,7.874103109405002E10
91208,8845541.28,7.874103109405002E10
10995,8845306.56,7.874103109405002E10
78094,8839938.290000001,7.874103109405002E10
