ps_partkey,part_value,total_value
12052,8411519.28,7.874103109405002E10
104260,8408516.55,7.874103109405002E10
157129,8405730.08,7.874103109405002E10
77254,8405537.22,7.874103109405002E10
112966,8403512.89,7.874103109405002E10
