ps_partkey,part_value,total_value
86943,9092253.0,7.874103109405002E10
138859,9087719.3,7.874103109405002E10
162273,9085296.48,7.874103109405002E10
175945,9080401.21,7.874103109405002E10
16836,9075715.44,7.874103109405002E10
70224,9075265.950000001,7.874103109405002E10
