ps_partkey,part_value,total_value
28114,7946945.720000001,7.874103109405002E10
11966,7945197.48,7.874103109405002E10
47814,7944083.0,7.874103109405002E10
85096,7943691.0600000005,7.874103109405002E10
51657,7943593.7700000005,7.874103109405002E10
