ps_partkey,part_value,total_value
152791,8697325.8,7.874103109405002E10
170953,8696909.19,7.874103109405002E10
116137,8696687.17,7.874103109405002E10
7722,8696589.4,7.874103109405002E10
49788,8694846.71,7.874103109405002E10
