ps_partkey,part_value,total_value
10132,9770930.780000001,7.874103109405002E10
107211,9757586.25,7.874103109405002E10
113958,9757065.5,7.874103109405002E10
37009,9748362.69,7.874103109405002E10
66746,9743528.76,7.874103109405002E10
