ps_partkey,part_value,total_value
20158,9576714.38,7.874103109405002E10
167199,9557413.08,7.874103109405002E10
38869,9550279.53,7.874103109405002E10
86949,9541943.700000001,7.874103109405002E10
198544,9538613.92,7.874103109405002E10
