ps_partkey,part_value,total_value
134357,8535429.9,7.874103109405002E10
96207,8534900.6,7.874103109405002E10
92292,8530618.78,7.874103109405002E10
181093,8528303.52,7.874103109405002E10
105064,8527491.6,7.874103109405002E10
