ps_partkey,part_value,total_value
167291,8667556.18,7.874103109405002E10
150119,8663403.54,7.874103109405002E10
88420,8663355.4,7.874103109405002E10
179784,8653021.34,7.874103109405002E10
130884,8651970.0,7.874103109405002E10
