ps_partkey,part_value,total_value
129760,1.753845686E7,7.874103109405002E10
166726,1.650335392E7,7.874103109405002E10
191287,1.6474801969999999E7,7.874103109405002E10
161758,1.610175554E7,7.874103109405002E10
34452,1.598384472E7,7.874103109405002E10
139035,1.590707834E7,7.874103109405002E10
