ps_partkey,part_value,total_value
5257,8320350.779999999,7.874103109405002E10
67350,8318987.56,7.874103109405002E10
109008,8317836.54,7.874103109405002E10
199043,8316603.539999999,7.874103109405002E10
139969,8316551.54,7.874103109405002E10
