ps_partkey,part_value,total_value
8993,1.19638143E7,7.874103109405002E10
120302,1.1857707549999999E7,7.874103109405002E10
43536,1.177934052E7,7.874103109405002E10
9552,1.177690916E7,7.874103109405002E10
86223,1.177220508E7,7.874103109405002E10
53776,1.175866965E7,7.874103109405002E10
