ps_partkey,part_value,total_value
14357,8016906.3,7.874103109405002E10
135601,8016209.4399999995,7.874103109405002E10
58458,8016192.52,7.874103109405002E10
73036,8015799.0,7.874103109405002E10
184722,8015680.3100000005,7.874103109405002E10
