ps_partkey,part_value,total_value
76753,8475522.12,7.874103109405002E10
46129,8472717.959999999,7.874103109405002E10
28358,8472515.5,7.874103109405002E10
9317,8472145.32,7.874103109405002E10
33823,8469721.44,7.874103109405002E10
39055,8469145.07,7.874103109405002E10
