ps_partkey,part_value,total_value
166794,7913842.0,7.874103109405002E10
161995,7910874.27,7.874103109405002E10
23538,7909752.0600000005,7.874103109405002E10
41093,7909579.92,7.874103109405002E10
112073,7908617.57,7.874103109405002E10
