ps_partkey,part_value,total_value
65421,8819329.239999998,7.874103109405002E10
122225,8816821.86,7.874103109405002E10
85330,8811013.16,7.874103109405002E10
64555,8810643.120000001,7.874103109405002E10
104188,8808211.02,7.874103109405002E10
