ps_partkey,part_value,total_value
158488,9227216.4,7.874103109405002E10
83328,9224792.2,7.874103109405002E10
136797,9222927.09,7.874103109405002E10
141730,9216370.68,7.874103109405002E10
87304,9215695.5,7.874103109405002E10
