ps_partkey,part_value,total_value
15560,9017687.28,7.874103109405002E10
111425,9016198.56,7.874103109405002E10
95942,9015585.120000001,7.874103109405002E10
132709,9015240.15,7.874103109405002E10
39731,9014746.95,7.874103109405002E10
