ps_partkey,part_value,total_value
11562,1.293157551E7,7.874103109405002E10
75165,1.2916918120000001E7,7.874103109405002E10
97175,1.29112835E7,7.874103109405002E10
140840,1.289656223E7,7.874103109405002E10
65241,1.289060046E7,7.874103109405002E10
