ps_partkey,part_value,total_value
125123,8262732.65,7.874103109405002E10
18642,8261578.99,7.874103109405002E10
50386,8261380.05,7.874103109405002E10
193770,8259578.819999999,7.874103109405002E10
7276,8258101.6,7.874103109405002E10
