ps_partkey,part_value,total_value
96493,1.333905783E7,7.874103109405002E10
56548,1.3329014969999999E7,7.874103109405002E10
55576,1.3306843350000001E7,7.874103109405002E10
159751,1.330661448E7,7.874103109405002E10
92406,1.32874145E7,7.874103109405002E10
