ps_partkey,part_value,total_value
139765,9074755.89,7.874103109405002E10
30319,9073233.1,7.874103109405002E10
3851,9072657.24,7.874103109405002E10
181271,9070631.52,7.874103109405002E10
162184,9068835.780000001,7.874103109405002E10
