ps_partkey,part_value,total_value
92814,7908262.5,7.874103109405002E10
88919,7907992.5,7.874103109405002E10
79753,7907933.88,7.874103109405002E10
108765,7905338.98,7.874103109405002E10
146530,7905336.6,7.874103109405002E10
71475,7903367.58,7.874103109405002E10
