ps_partkey,part_value,total_value
95213,1.255548373E7,7.874103109405002E10
183873,1.255053305E7,7.874103109405002E10
171235,1.24765383E7,7.874103109405002E10
21533,1.243782132E7,7.874103109405002E10
17290,1.24321595E7,7.874103109405002E10
