ps_partkey,part_value,total_value
151664,8014821.96,7.874103109405002E10
195090,8012680.199999999,7.874103109405002E10
162609,8011241.0,7.874103109405002E10
83532,8009753.850000001,7.874103109405002E10
50166,8007137.89,7.874103109405002E10
181562,8006805.960000001,7.874103109405002E10
