ps_partkey,part_value,total_value
154731,7888301.33,7.874103109405002E10
101674,7879324.6,7.874103109405002E10
51968,7879102.21,7.874103109405002E10
72073,7877736.11,7.874103109405002E10
5182,7874521.7299999995,7.874103109405002E10
