ps_partkey,part_value,total_value
55475,8058850.92,7.874103109405002E10
142711,8057926.58,7.874103109405002E10
103499,8056978.0,7.874103109405002E10
105943,8056698.75,7.874103109405002E10
8432,8053052.16,7.874103109405002E10
