ps_partkey,part_value,total_value
23308,8063463.180000001,7.874103109405002E10
27390,8062823.25,7.874103109405002E10
130660,8062787.48,7.874103109405002E10
8608,8062411.16,7.874103109405002E10
181552,8062008.3,7.874103109405002E10
199319,8060248.56,7.874103109405002E10
