ps_partkey,part_value,total_value
126821,8425180.68,7.874103109405002E10
22091,8420687.88,7.874103109405002E10
55981,8419434.38,7.874103109405002E10
100960,8419403.46,7.874103109405002E10
172568,8417955.21,7.874103109405002E10
