ps_partkey,part_value,total_value
36147,7959463.68,7.874103109405002E10
146040,7957587.66,7.874103109405002E10
115469,7957485.140000001,7.874103109405002E10
142276,7956790.63,7.874103109405002E10
181280,7954037.35,7.874103109405002E10
115096,7953047.55,7.874103109405002E10
