ps_partkey,part_value,total_value
113808,7893353.88,7.874103109405002E10
27901,7892952.0,7.874103109405002E10
128820,7892882.72,7.874103109405002E10
25891,7890511.2,7.874103109405002E10
122819,7888881.02,7.874103109405002E10
