ps_partkey,part_value,total_value
102284,8458652.44,7.874103109405002E10
73533,8458453.32,7.874103109405002E10
90599,8457874.86,7.874103109405002E10
112160,8457863.360000001,7.874103109405002E10
124792,8457633.7,7.874103109405002E10
