ps_partkey,part_value,total_value
178045,8253904.149999999,7.874103109405002E10
49033,8253696.2299999995,7.874103109405002E10
187195,8251334.58,7.874103109405002E10
10590,8249227.4,7.874103109405002E10
143779,8247057.7,7.874103109405002E10
