ps_partkey,part_value,total_value
48807,9209496.24,7.874103109405002E10
95940,9207948.4,7.874103109405002E10
141586,9206699.22,7.874103109405002E10
147248,9205654.95,7.874103109405002E10
61372,9205228.76,7.874103109405002E10
52970,9204415.950000001,7.874103109405002E10
