ps_partkey,part_value,total_value
100956,8024179.300000001,7.874103109405002E10
131917,8021604.78,7.874103109405002E10
24224,8020463.52,7.874103109405002E10
2073,8020009.64,7.874103109405002E10
121622,8018462.17,7.874103109405002E10
