ps_partkey,part_value,total_value
131817,9268570.08,7.874103109405002E10
29068,9256583.88,7.874103109405002E10
44116,9255922.0,7.874103109405002E10
115818,9253311.91,7.874103109405002E10
103388,9239218.08,7.874103109405002E10
186118,9236209.12,7.874103109405002E10
