ps_partkey,part_value,total_value
47829,8122796.5,7.874103109405002E10
192635,8122687.569999999,7.874103109405002E10
192429,8119268.0,7.874103109405002E10
145812,8119165.63,7.874103109405002E10
42896,8118529.800000001,7.874103109405002E10
146877,8118266.16,7.874103109405002E10
