ps_partkey,part_value,total_value
90110,9420422.7,7.874103109405002E10
191980,9419368.360000001,7.874103109405002E10
38461,9419316.07,7.874103109405002E10
167873,9419024.489999998,7.874103109405002E10
159373,9416950.149999999,7.874103109405002E10
