ps_partkey,part_value,total_value
107624,9108837.45,7.874103109405002E10
84215,9105257.36,7.874103109405002E10
73774,9102651.92,7.874103109405002E10
173972,9102069.0,7.874103109405002E10
69817,9095513.879999999,7.874103109405002E10
