ps_partkey,part_value,total_value
111552,8068184.48,7.874103109405002E10
24563,8067500.399999999,7.874103109405002E10
16167,8067495.239999999,7.874103109405002E10
12662,8067248.850000001,7.874103109405002E10
94540,8063727.16,7.874103109405002E10
