ps_partkey,part_value,total_value
156004,9215557.9,7.874103109405002E10
140740,9215329.200000001,7.874103109405002E10
100648,9212185.08,7.874103109405002E10
174774,9211718.0,7.874103109405002E10
37644,9211578.6,7.874103109405002E10
