ps_partkey,part_value,total_value
59635,8526854.08,7.874103109405002E10
136974,8524351.56,7.874103109405002E10
126694,8522783.37,7.874103109405002E10
6247,8522606.9,7.874103109405002E10
139447,8522521.92,7.874103109405002E10
