ps_partkey,part_value,total_value
161282,8866661.43,7.874103109405002E10
188061,8862304.0,7.874103109405002E10
132847,8862082.0,7.874103109405002E10
166843,8861200.8,7.874103109405002E10
30609,8860214.73,7.874103109405002E10
