ps_partkey,part_value,total_value
131285,1.161695374E7,7.874103109405002E10
91628,1.161111483E7,7.874103109405002E10
169644,1.1567959719999999E7,7.874103109405002E10
182299,1.156746205E7,7.874103109405002E10
33107,1.145381876E7,7.874103109405002E10
