ps_partkey,part_value,total_value
156873,8899429.1,7.874103109405002E10
157454,8897339.2,7.874103109405002E10
75415,8897068.09,7.874103109405002E10
46325,8895569.09,7.874103109405002E10
1966,8895117.06,7.874103109405002E10
