ps_partkey,part_value,total_value
134767,9191444.72,7.874103109405002E10
127745,9191271.559999999,7.874103109405002E10
69208,9187110.0,7.874103109405002E10
155222,9186469.16,7.874103109405002E10
196916,9182995.82,7.874103109405002E10
