ps_partkey,part_value,total_value
184173,8705467.450000001,7.874103109405002E10
192175,8705411.12,7.874103109405002E10
19471,8702536.12,7.874103109405002E10
18052,8702155.700000001,7.874103109405002E10
135560,8698137.72,7.874103109405002E10
