ps_partkey,part_value,total_value
55221,1.371612047E7,7.874103109405002E10
22819,1.3666434280000001E7,7.874103109405002E10
76281,1.364685368E7,7.874103109405002E10
85298,1.358115493E7,7.874103109405002E10
85158,1.3554904E7,7.874103109405002E10
