ps_partkey,part_value,total_value
168322,8786670.73,7.874103109405002E10
25143,8786324.8,7.874103109405002E10
5368,8786274.14,7.874103109405002E10
114025,8786201.12,7.874103109405002E10
97744,8785315.940000001,7.874103109405002E10
