ps_partkey,part_value,total_value
179386,8450909.899999999,7.874103109405002E10
90486,8447873.86,7.874103109405002E10
175924,8444421.66,7.874103109405002E10
185922,8442394.88,7.874103109405002E10
38492,8436438.32,7.874103109405002E10
172511,8436287.34,7.874103109405002E10
