ps_partkey,part_value,total_value
163784,8730514.34,7.874103109405002E10
5134,8728424.639999999,7.874103109405002E10
155241,8725429.86,7.874103109405002E10
188814,8724182.4,7.874103109405002E10
140782,8720378.75,7.874103109405002E10
