ps_partkey,part_value,total_value
81683,9067258.47,7.874103109405002E10
153028,9067010.51,7.874103109405002E10
123324,9061870.95,7.874103109405002E10
186481,9058608.299999999,7.874103109405002E10
167680,9052908.76,7.874103109405002E10
