ps_partkey,part_value,total_value
111259,1.026325656E7,7.874103109405002E10
195578,1.023979582E7,7.874103109405002E10
21093,1.02175313E7,7.874103109405002E10
29856,1.0216932540000001E7,7.874103109405002E10
133686,1.021334576E7,7.874103109405002E10
