ps_partkey,part_value,total_value
195810,1.04136252E7,7.874103109405002E10
76673,1.039197718E7,7.874103109405002E10
97305,1.039089057E7,7.874103109405002E10
134210,1.038721002E7,7.874103109405002E10
188536,1.038652992E7,7.874103109405002E10
122255,1.033576032E7,7.874103109405002E10
