ps_partkey,part_value,total_value
142908,8299447.77,7.874103109405002E10
64419,8297631.8,7.874103109405002E10
21396,8296272.27,7.874103109405002E10
4180,8295646.92,7.874103109405002E10
63534,8295383.67,7.874103109405002E10
135957,8294389.859999999,7.874103109405002E10
