ps_partkey,part_value,total_value
198916,8906940.03,7.874103109405002E10
135932,8905282.95,7.874103109405002E10
104673,8903682.0,7.874103109405002E10
152308,8903244.08,7.874103109405002E10
135298,8900323.2,7.874103109405002E10
