ps_partkey,part_value,total_value
77207,7897752.72,7.874103109405002E10
96712,7897575.2700000005,7.874103109405002E10
10157,7897046.25,7.874103109405002E10
171154,7896814.5,7.874103109405002E10
79373,7896186.0,7.874103109405002E10
