ps_partkey,part_value,total_value
30802,8003710.88,7.874103109405002E10
107418,8000430.3,7.874103109405002E10
46620,7999778.350000001,7.874103109405002E10
191803,7994734.15,7.874103109405002E10
106343,7993087.76,7.874103109405002E10
