ps_partkey,part_value,total_value
160826,9446754.84,7.874103109405002E10
71275,9440138.4,7.874103109405002E10
77746,9439118.35,7.874103109405002E10
91289,9437472.0,7.874103109405002E10
56723,9435102.16,7.874103109405002E10
