ps_partkey,part_value,total_value
118153,9298606.56,7.874103109405002E10
152634,9282184.57,7.874103109405002E10
84731,9276586.919999998,7.874103109405002E10
119989,9273814.2,7.874103109405002E10
114584,9269698.65,7.874103109405002E10
