ps_partkey,part_value,total_value
154747,1.440758068E7,7.874103109405002E10
82865,1.4235489780000001E7,7.874103109405002E10
76094,1.409424704E7,7.874103109405002E10
222,1.393777774E7,7.874103109405002E10
121271,1.3908336E7,7.874103109405002E10
