ps_partkey,part_value,total_value
166120,1.287692722E7,7.874103109405002E10
9035,1.28638287E7,7.874103109405002E10
144616,1.2853549299999999E7,7.874103109405002E10
176723,1.283230974E7,7.874103109405002E10
170884,1.2792136579999998E7,7.874103109405002E10
29790,1.272330033E7,7.874103109405002E10
