ps_partkey,part_value,total_value
91894,1.013046219E7,7.874103109405002E10
39741,1.012838752E7,7.874103109405002E10
111753,1.0119780979999999E7,7.874103109405002E10
142729,1.010474889E7,7.874103109405002E10
116775,1.0097750419999998E7,7.874103109405002E10
102589,1.003478436E7,7.874103109405002E10
