ps_partkey,part_value,total_value
80408,7963312.17,7.874103109405002E10
37728,7961875.68,7.874103109405002E10
26624,7961772.3100000005,7.874103109405002E10
44736,7961144.1,7.874103109405002E10
29763,7960605.03,7.874103109405002E10
