ps_partkey,part_value,total_value
5824,7985340.02,7.874103109405002E10
148579,7984889.56,7.874103109405002E10
95888,7984735.720000001,7.874103109405002E10
9791,7982699.790000001,7.874103109405002E10
170437,7982370.720000001,7.874103109405002E10
39782,7977858.239999999,7.874103109405002E10
