ps_partkey,part_value,total_value
186865,8143586.82,7.874103109405002E10
176629,8141411.2,7.874103109405002E10
193739,8141377.7700000005,7.874103109405002E10
6810,8139822.6,7.874103109405002E10
27732,8136724.96,7.874103109405002E10
