ps_partkey,part_value,total_value
114357,9671017.44,7.874103109405002E10
112807,9665019.21,7.874103109405002E10
115203,9661018.73,7.874103109405002E10
177454,9658906.35,7.874103109405002E10
161275,9634313.71,7.874103109405002E10
61893,9617095.440000001,7.874103109405002E10
