ps_partkey,part_value,total_value
63145,8761991.959999999,7.874103109405002E10
53135,8753491.799999999,7.874103109405002E10
173071,8750508.8,7.874103109405002E10
41087,8749436.79,7.874103109405002E10
194830,8747438.4,7.874103109405002E10
43496,8743359.299999999,7.874103109405002E10
