ps_partkey,part_value,total_value
82729,8331766.879999999,7.874103109405002E10
152048,8330638.99,7.874103109405002E10
171085,8326259.499999999,7.874103109405002E10
126730,8325974.399999999,7.874103109405002E10
77525,8323282.5,7.874103109405002E10
170653,8322840.5,7.874103109405002E10
