ps_partkey,part_value,total_value
128707,9413428.5,7.874103109405002E10
45267,9410863.78,7.874103109405002E10
48460,9409793.93,7.874103109405002E10
197672,9406887.68,7.874103109405002E10
60884,9403442.4,7.874103109405002E10
