ps_partkey,part_value,total_value
86749,9346826.44,7.874103109405002E10
170007,9345699.9,7.874103109405002E10
193087,9343744.0,7.874103109405002E10
150383,9332576.75,7.874103109405002E10
60932,9329582.02,7.874103109405002E10
