ps_partkey,part_value,total_value
139684,1.3535538719999999E7,7.874103109405002E10
31034,1.349802525E7,7.874103109405002E10
87305,1.348284704E7,7.874103109405002E10
10181,1.344514875E7,7.874103109405002E10
62323,1.34118243E7,7.874103109405002E10
26489,1.337725638E7,7.874103109405002E10
