ps_partkey,part_value,total_value
193453,8174343.94,7.874103109405002E10
56888,8173342.0,7.874103109405002E10
28087,8169876.3,7.874103109405002E10
164254,8169632.35,7.874103109405002E10
57661,8168848.16,7.874103109405002E10
