ps_partkey,part_value,total_value
31134,7938318.3,7.874103109405002E10
45636,7937240.85,7.874103109405002E10
56694,7936015.949999999,7.874103109405002E10
8114,7933921.88,7.874103109405002E10
71518,7932261.69,7.874103109405002E10
72922,7930400.64,7.874103109405002E10
