ps_partkey,part_value,total_value
151913,8869321.17,7.874103109405002E10
33786,8868955.389999999,7.874103109405002E10
35902,8868126.06,7.874103109405002E10
23588,8867769.9,7.874103109405002E10
24508,8867616.0,7.874103109405002E10
