ps_partkey,part_value,total_value
186268,1.001218157E7,7.874103109405002E10
44545,1.000028648E7,7.874103109405002E10
23307,9966577.5,7.874103109405002E10
124281,9930018.9,7.874103109405002E10
69604,9925730.64,7.874103109405002E10
