ps_partkey,part_value,total_value
156391,1.0839810379999999E7,7.874103109405002E10
40884,1.0837234190000001E7,7.874103109405002E10
141288,1.083713021E7,7.874103109405002E10
152388,1.083097782E7,7.874103109405002E10
33449,1.083085872E7,7.874103109405002E10
