ps_partkey,part_value,total_value
129137,8215478.399999999,7.874103109405002E10
76020,8210495.359999999,7.874103109405002E10
140213,8209831.800000001,7.874103109405002E10
32379,8208338.88,7.874103109405002E10
130616,8207715.75,7.874103109405002E10
