ps_partkey,part_value,total_value
98435,8161771.45,7.874103109405002E10
127227,8161344.92,7.874103109405002E10
194100,8160978.78,7.874103109405002E10
40134,8160358.08,7.874103109405002E10
107341,8159952.05,7.874103109405002E10
6790,8158792.66,7.874103109405002E10
