ps_partkey,part_value,total_value
69187,8941054.14,7.874103109405002E10
4863,8939044.92,7.874103109405002E10
50465,8930503.14,7.874103109405002E10
43686,8915543.84,7.874103109405002E10
131352,8909053.59,7.874103109405002E10
