ps_partkey,part_value,total_value
63342,1.07401326E7,7.874103109405002E10
5614,1.0724668799999999E7,7.874103109405002E10
62266,1.07111431E7,7.874103109405002E10
100202,1.069667555E7,7.874103109405002E10
197741,1.0688560719999999E7,7.874103109405002E10
