ps_partkey,part_value,total_value
35173,9858275.92,7.874103109405002E10
7116,9856881.020000001,7.874103109405002E10
124620,9838589.14,7.874103109405002E10
122108,9829949.350000001,7.874103109405002E10
67200,9828690.69,7.874103109405002E10
