ps_partkey,part_value,total_value
89768,1.0465477219999999E7,7.874103109405002E10
146493,1.044429158E7,7.874103109405002E10
55424,1.044400648E7,7.874103109405002E10
16560,1.042557474E7,7.874103109405002E10
133114,1.04150979E7,7.874103109405002E10
