ps_partkey,part_value,total_value
112199,8590717.44,7.874103109405002E10
9227,8587350.42,7.874103109405002E10
116318,8585910.66,7.874103109405002E10
41248,8585559.639999999,7.874103109405002E10
159398,8584821.0,7.874103109405002E10
