ps_partkey,part_value,total_value
59362,7990397.46,7.874103109405002E10
8329,7990052.899999999,7.874103109405002E10
75133,7988244.0,7.874103109405002E10
179023,7986829.62,7.874103109405002E10
135899,7985726.64,7.874103109405002E10
