ps_partkey,part_value,total_value
174053,8090350.109999999,7.874103109405002E10
102237,8089103.22,7.874103109405002E10
43041,8086537.899999999,7.874103109405002E10
110219,8085296.899999999,7.874103109405002E10
126738,8084199.199999999,7.874103109405002E10
44787,8083628.4,7.874103109405002E10
