ps_partkey,part_value,total_value
66097,8457573.15,7.874103109405002E10
165271,8456969.01,7.874103109405002E10
146925,8454887.91,7.874103109405002E10
164277,8454838.5,7.874103109405002E10
131290,8454811.2,7.874103109405002E10
