ps_partkey,part_value,total_value
110971,8029469.7,7.874103109405002E10
130395,8027463.920000001,7.874103109405002E10
7757,8026840.37,7.874103109405002E10
178446,8025379.09,7.874103109405002E10
41295,8024785.53,7.874103109405002E10
