ps_partkey,part_value,total_value
181804,8712257.76,7.874103109405002E10
122814,8711119.14,7.874103109405002E10
109939,8709193.16,7.874103109405002E10
98094,8708780.04,7.874103109405002E10
74630,8708040.75,7.874103109405002E10
197291,8706519.09,7.874103109405002E10
