ps_partkey,part_value,total_value
60882,8116095.04,7.874103109405002E10
18254,8114783.039999999,7.874103109405002E10
165464,8114571.8,7.874103109405002E10
57936,8111927.25,7.874103109405002E10
52226,8110723.32,7.874103109405002E10
