ps_partkey,part_value,total_value
98643,7968603.7299999995,7.874103109405002E10
153787,7967535.58,7.874103109405002E10
8932,7967222.1899999995,7.874103109405002E10
20134,7965713.28,7.874103109405002E10
197635,7963507.58,7.874103109405002E10
