ps_partkey,part_value,total_value
175120,9526068.66,7.874103109405002E10
163851,9522808.83,7.874103109405002E10
160954,9520359.45,7.874103109405002E10
117757,9517882.8,7.874103109405002E10
52594,9508325.76,7.874103109405002E10
60960,9498843.06,7.874103109405002E10
