ps_partkey,part_value,total_value
6944,9143574.58,7.874103109405002E10
6326,9138803.16,7.874103109405002E10
101296,9135657.620000001,7.874103109405002E10
181479,9121093.299999999,7.874103109405002E10
76898,9120983.1,7.874103109405002E10
