ps_partkey,part_value,total_value
196680,7943578.89,7.874103109405002E10
13141,7942730.340000001,7.874103109405002E10
193327,7941036.25,7.874103109405002E10
152612,7940663.71,7.874103109405002E10
139680,7939242.359999999,7.874103109405002E10
