ps_partkey,part_value,total_value
139539,8434180.29,7.874103109405002E10
11926,8433199.52,7.874103109405002E10
55889,8431449.879999999,7.874103109405002E10
163068,8431116.4,7.874103109405002E10
138772,8428406.36,7.874103109405002E10
