ps_partkey,part_value,total_value
43429,8076729.96,7.874103109405002E10
154199,8074940.76,7.874103109405002E10
60963,8073894.4,7.874103109405002E10
8768,8072760.96,7.874103109405002E10
66095,8071421.7,7.874103109405002E10
