ps_partkey,part_value,total_value
149392,8049675.6899999995,7.874103109405002E10
101248,8048855.49,7.874103109405002E10
140962,8047260.7,7.874103109405002E10
87101,8046651.83,7.874103109405002E10
133107,8046476.73,7.874103109405002E10
