ps_partkey,part_value,total_value
164327,8784503.860000001,7.874103109405002E10
76542,8782613.28,7.874103109405002E10
4731,8772846.7,7.874103109405002E10
157590,8772006.45,7.874103109405002E10
154276,8771733.91,7.874103109405002E10
