ps_partkey,part_value,total_value
167588,9484741.11,7.874103109405002E10
136455,9476241.78,7.874103109405002E10
4357,9464355.64,7.874103109405002E10
6786,9463632.57,7.874103109405002E10
61345,9455336.700000001,7.874103109405002E10
