ps_partkey,part_value,total_value
156397,1.22606235E7,7.874103109405002E10
122611,1.222281298E7,7.874103109405002E10
139155,1.222031925E7,7.874103109405002E10
146316,1.221580061E7,7.874103109405002E10
171381,1.219973452E7,7.874103109405002E10
