ps_partkey,part_value,total_value
70272,9495775.620000001,7.874103109405002E10
44050,9495515.36,7.874103109405002E10
152213,9494756.96,7.874103109405002E10
121203,9492601.3,7.874103109405002E10
70114,9491012.3,7.874103109405002E10
