ps_partkey,part_value,total_value
168114,8402764.56,7.874103109405002E10
49940,8402328.2,7.874103109405002E10
52017,8398753.6,7.874103109405002E10
176179,8398087.0,7.874103109405002E10
100215,8395906.61,7.874103109405002E10
61256,8392811.200000001,7.874103109405002E10
